{
	"format_version": "1.9.0",
	"parent": "eyephone_s24_ultra",
	"texture_size": [32, 32],
	"textures": {
		"0": "eyemod:item/s24_ultra",
		"2": "eyemod:item/logo",
		"3": "eyemod:item/screen"
	},
	"elements": [
		{
			"name": "skelleton",
			"from": [3.675, 0, 7.26],
			"to": [11.325, 16, 8.5],
			"rotation": {"angle": 0, "axis": "y", "origin": [7.5, 8, 7.88]},
			"faces": {
				"north": {"uv": [0, 0, 2.25, 4], "texture": "#0"},
				"east": {"uv": [4.5, 0, 4.8125, 4], "texture": "#0"},
				"south": {"uv": [2.25, 0, 4.5, 4], "texture": "#0"},
				"west": {"uv": [4.5, 4, 4.8125, 8], "texture": "#0"},
				"up": {"uv": [7.25, 0.3125, 5, 0], "texture": "#0"},
				"down": {"uv": [7.25, 0.5, 5, 0.8125], "texture": "#0"}
			}
		},
		{
			"name": "screen",
			"from": [3.775, 0.1, 7.25],
			"to": [11.225, 15.9, 7.26],
			"rotation": {"angle": 0, "axis": "y", "origin": [7.5, 8, 7.255]},
			"faces": {
				"north": {"uv": [0, 0, 7.38355, 16], "texture": "#3"},
				"east": {"uv": [6, 2, 6.0625, 5.9375], "texture": "#0"},
				"south": {"uv": [2.25, 4, 4.4375, 7.9375], "texture": "#0"},
				"west": {"uv": [5, 6, 5.0625, 9.9375], "texture": "#0"},
				"up": {"uv": [8.4375, 2, 6.25, 2.0625], "texture": "#0"},
				"down": {"uv": [8.4375, 2.3125, 6.25, 2.25], "texture": "#0"}
			}
		},
		{
			"name": "volum",
			"from": [3.6, 11, 7.6],
			"to": [4.6, 13, 8.1],
			"rotation": {"angle": 0, "axis": "y", "origin": [4.1, 12, 7.85]},
			"faces": {
				"north": {"uv": [6.25, 3.5, 6.5, 4], "texture": "#0"},
				"east": {"uv": [6.25, 5.5, 6.375, 6], "texture": "#0"},
				"south": {"uv": [6.25, 4, 6.5, 4.5], "texture": "#0"},
				"west": {"uv": [6.25, 6, 6.375, 6.5], "texture": "#0"},
				"up": {"uv": [7.25, 2.625, 7, 2.5], "texture": "#0"},
				"down": {"uv": [7.25, 2.75, 7, 2.875], "texture": "#0"}
			}
		},
		{
			"name": "power",
			"from": [3.6, 9, 7.6],
			"to": [4.6, 10, 8.1],
			"rotation": {"angle": 0, "axis": "y", "origin": [4.1, 9.5, 7.85]},
			"faces": {
				"north": {"uv": [6.5, 3.5, 6.75, 3.75], "texture": "#0"},
				"east": {"uv": [7, 3, 7.125, 3.25], "texture": "#0"},
				"south": {"uv": [6.5, 3.75, 6.75, 4], "texture": "#0"},
				"west": {"uv": [7, 3.25, 7.125, 3.5], "texture": "#0"},
				"up": {"uv": [7.25, 3.625, 7, 3.5], "texture": "#0"},
				"down": {"uv": [7.25, 3.75, 7, 3.875], "texture": "#0"}
			}
		},
		{
			"name": "flashlight",
			"from": [5.85, 14.15, 8.501],
			"to": [6.05, 14.35, 8.501],
			"rotation": {"angle": 0, "axis": "y", "origin": [5.95, 14.25, 8.501]},
			"faces": {
				"north": {"uv": [7.5, 4, 7.5625, 4.0625], "texture": "#0"},
				"east": {"uv": [7.5, 1, 7.75, 1.0625], "texture": "#0"},
				"south": {"uv": [7.5, 4.25, 7.5625, 4.3125], "texture": "#0"},
				"west": {"uv": [7.75, 1.25, 7.5, 1.3125], "texture": "#0"},
				"up": {"uv": [7.5625, 1.75, 7.5, 1.5], "texture": "#0"},
				"down": {"uv": [7.5625, 1.75, 7.5, 2], "texture": "#0"}
			}
		},
		{
			"name": "logotext",
			"from": [5.15, 1.4, 8.26],
			"to": [9.85, 3.1, 8.51],
			"rotation": {"angle": 0, "axis": "y", "origin": [7.5, 2.25, 8.385]},
			"faces": {
				"north": {"uv": [5, 1, 6.1875, 1.4375], "texture": "#0"},
				"east": {"uv": [7, 7.25, 7.0625, 7.6875], "texture": "#0"},
				"south": {"uv": [0, 6.78291, 16, 12.6563], "texture": "#2"},
				"west": {"uv": [7.25, 7.25, 7.3125, 7.6875], "texture": "#0"},
				"up": {"uv": [7.4375, 5.0625, 6.25, 5], "texture": "#0"},
				"down": {"uv": [7.4375, 5.25, 6.25, 5.3125], "texture": "#0"}
			}
		},
		{
			"name": "pen",
			"from": [10.375, -0.02, 7.525],
			"to": [11.075, 7.98, 8.225],
			"rotation": {"angle": 0, "axis": "y", "origin": [10.725, 3.98, 7.875]},
			"faces": {
				"north": {"uv": [5, 2, 5.1875, 4], "texture": "#0"},
				"east": {"uv": [5, 4, 5.1875, 6], "texture": "#0"},
				"south": {"uv": [5.25, 2, 5.4375, 4], "texture": "#0"},
				"west": {"uv": [5.25, 4, 5.4375, 6], "texture": "#0"},
				"up": {"uv": [7.1875, 1.1875, 7, 1], "texture": "#0"},
				"down": {"uv": [7.1875, 1.25, 7, 1.4375], "texture": "#0"}
			}
		},
		{
			"name": "cardsdrower",
			"from": [5, -0.012, 7.675],
			"to": [6.45, 1.938, 8.025],
			"rotation": {"angle": 0, "axis": "y", "origin": [5.725, 0.963, 7.85]},
			"faces": {
				"north": {"uv": [5.25, 6, 5.625, 6.5], "texture": "#0"},
				"east": {"uv": [7, 4.5, 7.0625, 5], "texture": "#0"},
				"south": {"uv": [5.75, 6, 6.125, 6.5], "texture": "#0"},
				"west": {"uv": [5.25, 7, 5.3125, 7.5], "texture": "#0"},
				"up": {"uv": [7.875, 0.0625, 7.5, 0], "texture": "#0"},
				"down": {"uv": [7.875, 0.25, 7.5, 0.3125], "texture": "#0"}
			}
		},
		{
			"name": "callsspeaker",
			"from": [6, 15.95, 7.25],
			"to": [10, 16, 7.26],
			"rotation": {"angle": 0, "axis": "y", "origin": [8, 15.975, 7.255]},
			"faces": {
				"north": {"uv": [6.5, 4, 7.5, 4.0625], "texture": "#0"},
				"east": {"uv": [7.5, 4.5, 7.5625, 4.5625], "texture": "#0"},
				"south": {"uv": [6.5, 4.25, 7.5, 4.3125], "texture": "#0"},
				"west": {"uv": [7.5, 4.75, 7.5625, 4.8125], "texture": "#0"},
				"up": {"uv": [6.25, 6.5625, 5.25, 6.5], "texture": "#0"},
				"down": {"uv": [7.5, 5.5, 6.5, 5.5625], "texture": "#0"}
			}
		},
		{
			"name": "camera1",
			"from": [4.175, 14.5, 8.35],
			"to": [5.175, 15.5, 8.85],
			"rotation": {"angle": 0, "axis": "y", "origin": [4.675, 15, 8.6]},
			"faces": {
				"north": {"uv": [6.5, 5.75, 6.75, 6], "texture": "#0"},
				"east": {"uv": [6.5, 6, 6.75, 6.25], "texture": "#0"},
				"south": {"uv": [6.25, 6.5, 6.5, 6.75], "texture": "#0"},
				"west": {"uv": [6.5, 6.25, 6.75, 6.5], "texture": "#0"},
				"up": {"uv": [6.75, 6.75, 6.5, 6.5], "texture": "#0"},
				"down": {"uv": [7, 1, 6.75, 1.25], "texture": "#0"}
			}
		},
		{
			"name": "camera2",
			"from": [4.175, 13, 8.35],
			"to": [5.175, 14, 8.85],
			"rotation": {"angle": 0, "axis": "y", "origin": [4.675, 13.5, 8.6]},
			"faces": {
				"north": {"uv": [6.75, 1.25, 7, 1.5], "texture": "#0"},
				"east": {"uv": [6.75, 1.5, 7, 1.75], "texture": "#0"},
				"south": {"uv": [6.75, 1.75, 7, 2], "texture": "#0"},
				"west": {"uv": [6.75, 2.5, 7, 2.75], "texture": "#0"},
				"up": {"uv": [7, 3, 6.75, 2.75], "texture": "#0"},
				"down": {"uv": [7, 3, 6.75, 3.25], "texture": "#0"}
			}
		},
		{
			"name": "camera3",
			"from": [4.175, 11.5, 8.35],
			"to": [5.175, 12.5, 8.85],
			"rotation": {"angle": 0, "axis": "y", "origin": [4.675, 12, 8.6]},
			"faces": {
				"north": {"uv": [6.75, 3.25, 7, 3.5], "texture": "#0"},
				"east": {"uv": [6.75, 3.5, 7, 3.75], "texture": "#0"},
				"south": {"uv": [6.75, 3.75, 7, 4], "texture": "#0"},
				"west": {"uv": [6.75, 4.5, 7, 4.75], "texture": "#0"},
				"up": {"uv": [7, 5, 6.75, 4.75], "texture": "#0"},
				"down": {"uv": [5.5, 6.75, 5.25, 7], "texture": "#0"}
			}
		},
		{
			"name": "camera1.2",
			"from": [5.675, 14.75, 8.35],
			"to": [6.175, 15.25, 8.85],
			"rotation": {"angle": 0, "axis": "y", "origin": [5.925, 15, 8.6]},
			"faces": {
				"north": {"uv": [7.5, 2.5, 7.625, 2.625], "texture": "#0"},
				"east": {"uv": [6, 7, 6.25, 7.125], "texture": "#0"},
				"south": {"uv": [7.5, 2.75, 7.625, 2.875], "texture": "#0"},
				"west": {"uv": [6.25, 7, 6.5, 7.125], "texture": "#0"},
				"up": {"uv": [7.125, 6.75, 7, 6.5], "texture": "#0"},
				"down": {"uv": [6.875, 7, 6.75, 7.25], "texture": "#0"}
			}
		},
		{
			"name": "camera2.2",
			"from": [5.675, 13.25, 8.35],
			"to": [6.175, 13.75, 8.85],
			"rotation": {"angle": 0, "axis": "y", "origin": [5.925, 13.5, 8.6]},
			"faces": {
				"north": {"uv": [7.5, 3, 7.625, 3.125], "texture": "#0"},
				"east": {"uv": [7, 6.75, 7.25, 6.875], "texture": "#0"},
				"south": {"uv": [7.5, 3.25, 7.625, 3.375], "texture": "#0"},
				"west": {"uv": [7, 7, 7.25, 7.125], "texture": "#0"},
				"up": {"uv": [7.375, 0.25, 7.25, 0], "texture": "#0"},
				"down": {"uv": [7.375, 0.25, 7.25, 0.5], "texture": "#0"}
			}
		},
		{
			"name": "penhole",
			"from": [10.35, -0.001, 7.5],
			"to": [11.1, 7.999, 8.25],
			"rotation": {"angle": 0, "axis": "y", "origin": [10.725, 3.999, 7.875]},
			"faces": {
				"north": {"uv": [5.5, 2, 5.6875, 4], "texture": "#0"},
				"east": {"uv": [5.5, 4, 5.6875, 6], "texture": "#0"},
				"south": {"uv": [5.75, 2, 5.9375, 4], "texture": "#0"},
				"west": {"uv": [5.75, 4, 5.9375, 6], "texture": "#0"},
				"up": {"uv": [7.1875, 1.6875, 7, 1.5], "texture": "#0"},
				"down": {"uv": [7.1875, 1.75, 7, 1.9375], "texture": "#0"}
			}
		},
		{
			"name": "cardshole",
			"from": [4.975, -0.001, 7.65],
			"to": [6.475, 1.999, 8.05],
			"rotation": {"angle": 0, "axis": "y", "origin": [5.725, 0.999, 7.85]},
			"faces": {
				"north": {"uv": [6.25, 1, 6.625, 1.5], "texture": "#0"},
				"east": {"uv": [5.5, 6.75, 5.625, 7.25], "texture": "#0"},
				"south": {"uv": [6.25, 1.5, 6.625, 2], "texture": "#0"},
				"west": {"uv": [5.75, 6.75, 5.875, 7.25], "texture": "#0"},
				"up": {"uv": [7.125, 6.125, 6.75, 6], "texture": "#0"},
				"down": {"uv": [7.125, 6.25, 6.75, 6.375], "texture": "#0"}
			}
		},
		{
			"name": "cardshole",
			"from": [6.25, -0.013, 7.8],
			"to": [6.35, 1.987, 7.9],
			"rotation": {"angle": 0, "axis": "y", "origin": [6.3, 0.987, 7.85]},
			"faces": {
				"north": {"uv": [7.25, 0.5, 7.3125, 1], "texture": "#0"},
				"east": {"uv": [7.25, 1, 7.3125, 1.5], "texture": "#0"},
				"south": {"uv": [7.25, 1.5, 7.3125, 2], "texture": "#0"},
				"west": {"uv": [7.25, 2.5, 7.3125, 3], "texture": "#0"},
				"up": {"uv": [7.5625, 5.0625, 7.5, 5], "texture": "#0"},
				"down": {"uv": [5.3125, 7.5, 5.25, 7.5625], "texture": "#0"}
			}
		},
		{
			"name": "chargerinput",
			"from": [7, -0.001, 7.65],
			"to": [8.25, 1.249, 8.05],
			"rotation": {"angle": 0, "axis": "y", "origin": [7.625, 0.624, 7.85]},
			"faces": {
				"north": {"uv": [6.25, 2.5, 6.6875, 2.8125], "texture": "#0"},
				"east": {"uv": [6.5, 6.75, 6.625, 7.0625], "texture": "#0"},
				"south": {"uv": [6.25, 3, 6.6875, 3.3125], "texture": "#0"},
				"west": {"uv": [6.75, 6.5, 6.875, 6.8125], "texture": "#0"},
				"up": {"uv": [7.1875, 5.875, 6.75, 5.75], "texture": "#0"},
				"down": {"uv": [6.4375, 6.75, 6, 6.875], "texture": "#0"}
			}
		},
		{
			"name": "speaker",
			"from": [8.825, -0.001, 7.8],
			"to": [9.775, 0.999, 7.95],
			"rotation": {"angle": 0, "axis": "y", "origin": [9.3, 0.499, 7.875]},
			"faces": {
				"north": {"uv": [6.25, 4.5, 6.5625, 4.75], "texture": "#0"},
				"east": {"uv": [7.5, 3.5, 7.5625, 3.75], "texture": "#0"},
				"south": {"uv": [6.25, 4.75, 6.5625, 5], "texture": "#0"},
				"west": {"uv": [7.5, 3.75, 7.5625, 4], "texture": "#0"},
				"up": {"uv": [7.8125, 0.5625, 7.5, 0.5], "texture": "#0"},
				"down": {"uv": [7.8125, 0.75, 7.5, 0.8125], "texture": "#0"}
			}
		},
		{
			"name": "callsmicrophone",
			"from": [6.575, -0.012, 7.75],
			"to": [6.775, 1.938, 7.95],
			"rotation": {"angle": 0, "axis": "y", "origin": [6.675, 0.963, 7.85]},
			"faces": {
				"north": {"uv": [7.25, 3, 7.3125, 3.5], "texture": "#0"},
				"east": {"uv": [7.25, 3.5, 7.3125, 4], "texture": "#0"},
				"south": {"uv": [7.25, 4.5, 7.3125, 5], "texture": "#0"},
				"west": {"uv": [5.5, 7.25, 5.5625, 7.75], "texture": "#0"},
				"up": {"uv": [7.5625, 5.3125, 7.5, 5.25], "texture": "#0"},
				"down": {"uv": [7.5625, 5.5, 7.5, 5.5625], "texture": "#0"}
			}
		},
		{
			"name": "callsmicrophonetop",
			"from": [6.1, 14.051, 7.75],
			"to": [6.3, 16.001, 7.95],
			"rotation": {"angle": 0, "axis": "y", "origin": [6.2, 15.026, 7.85]},
			"faces": {
				"north": {"uv": [5.75, 7.25, 5.8125, 7.75], "texture": "#0"},
				"east": {"uv": [7.25, 5.75, 7.3125, 6.25], "texture": "#0"},
				"south": {"uv": [6, 7.25, 6.0625, 7.75], "texture": "#0"},
				"west": {"uv": [6.25, 7.25, 6.3125, 7.75], "texture": "#0"},
				"up": {"uv": [7.5625, 5.8125, 7.5, 5.75], "texture": "#0"},
				"down": {"uv": [7.5625, 6, 7.5, 6.0625], "texture": "#0"}
			}
		},
		{
			"name": "unknown",
			"from": [5.125, 14.051, 7.75],
			"to": [5.325, 16.001, 7.95],
			"rotation": {"angle": 0, "axis": "y", "origin": [5.225, 15.026, 7.85]},
			"faces": {
				"north": {"uv": [7.25, 6.25, 7.3125, 6.75], "texture": "#0"},
				"east": {"uv": [6.5, 7.25, 6.5625, 7.75], "texture": "#0"},
				"south": {"uv": [6.75, 7.25, 6.8125, 7.75], "texture": "#0"},
				"west": {"uv": [7.25, 6.75, 7.3125, 7.25], "texture": "#0"},
				"up": {"uv": [7.5625, 6.3125, 7.5, 6.25], "texture": "#0"},
				"down": {"uv": [7.5625, 6.5, 7.5, 6.5625], "texture": "#0"}
			}
		},
		{
			"name": "volumhole",
			"from": [3.674, 10.975, 7.575],
			"to": [4.599, 13.025, 8.125],
			"rotation": {"angle": 0, "axis": "y", "origin": [4.1365, 12, 7.85]},
			"faces": {
				"north": {"uv": [7.875, 0, 8.125, 0.5], "texture": "#0"},
				"east": {"uv": [6.375, 5.5, 6.5, 6], "texture": "#0"},
				"south": {"uv": [7.875, 0.5, 8.125, 1], "texture": "#0"},
				"west": {"uv": [6.375, 6, 6.5, 6.5], "texture": "#0"},
				"up": {"uv": [7.25, 2.5, 7, 2.375], "texture": "#0"},
				"down": {"uv": [7.25, 2.625, 7, 2.75], "texture": "#0"}
			}
		},
		{
			"name": "powerhole",
			"from": [3.674, 8.975, 7.575],
			"to": [4.674, 10.025, 8.125],
			"rotation": {"angle": 0, "axis": "y", "origin": [4.174, 9.5, 7.85]},
			"faces": {
				"north": {"uv": [7.3125, 6.5625, 7.5625, 6.8125], "texture": "#0"},
				"east": {"uv": [7.125, 3, 7.25, 3.25], "texture": "#0"},
				"south": {"uv": [7.3125, 6.8125, 7.5625, 7.0625], "texture": "#0"},
				"west": {"uv": [7.125, 3.25, 7.25, 3.5], "texture": "#0"},
				"up": {"uv": [7.25, 3.75, 7, 3.625], "texture": "#0"},
				"down": {"uv": [7.25, 3.875, 7, 4], "texture": "#0"}
			}
		}
	],
	"display": {
		"thirdperson_righthand": {
			"rotation": [8, 121, 0],
			"translation": [0, 0, 1.5],
			"scale": [0.3, 0.3, 0.3]
		},
		"thirdperson_lefthand": {
			"rotation": [0, 121, 0],
			"translation": [0, 0, 1.5],
			"scale": [0.3, 0.3, 0.3]
		},
		"firstperson_righthand": {
			"rotation": [15, 117, -32],
			"translation": [0, -3.5, 0]
		},
		"firstperson_lefthand": {
			"rotation": [15, 117, -32],
			"translation": [0, -3.5, 0]
		},
		"ground": {
			"rotation": [90, -1.9, 90],
			"translation": [0, 3, 0],
			"scale": [0.3, 0.3, 0.3]
		},
		"gui": {
			"rotation": [-9, -180, 7],
			"scale": [0.85, 0.85, 0.85]
		},
		"head": {
			"rotation": [90, -1.9, 90],
			"translation": [0, 7.15, 0]
		}
	},
	"groups": [
		{
			"name": "base",
			"origin": [3, 0, 7],
			"color": 0,
			"children": [
				0,
				1,
				2,
				3,
				4,
				5,
				6,
				7,
				8,
				{
					"name": "cameras",
					"origin": [3, 0, 7],
					"color": 0,
					"children": [9, 10, 11, 12, 13]
				},
				{
					"name": "holes",
					"origin": [3, 0, 7],
					"color": 0,
					"children": [14, 15, 16, 17, 18, 19, 20, 21, 22, 23]
				}
			]
		}
	]
}