{
  "id": "mbcs",
  "name": "Mine Block Craft Story",
  "display name": "1.21.9-pre2 hd",
  "description": "Textures of ''Minecraft'' for Block Story",
  "description 2": "If image name start with ''-'', its blocking from reader, because bugs",
  "diraction android": [
    "Android/data/com.mindblocks.blocks/files/Themes",
    "Android/data/com.mindblocks.blocks_light/files/Themes"
  ],
  "diraction windows": [
    "%userprofile%/OneDrive/Documents/Block Story/Themes",
    "%userprofile%/Documents/Block Story/Themes"
  ],
  "type": "theme",
  "version": "1.0.0",
  "game version": "13.3.1+",
  "authorList": ["ArthurVesta"],
  "dependencies": [
    "Block Story",
    "13.3.1 - 13.3.4"
  ],
  "files": [
    "breaking_lod1.png",
    "breaking_lod2.png",
    "cloud_1.png",
    "cloud_2.png",
    "cloud_3.png",
    "cloud_4.png",
    "fire_block.png",
    "gui.png",
    "icons.png",
    "menu_background.png",
    "model_blocks.png",
    "model_blocks_nm.png",
    "model_blocks_specular.png",
    "night_sky.jpg",
    "normals.png",
    "normals_tr.png",
    "radar_atlas.png",
    "radar_back.png",
    "radar_FOV.png",
    "radar_p.png",
    "selector_lod1.png",
    "selector_lod2.png",
    "specular.png",
    "specular_tr.png",
    "textures.png",
    "textures_tr.png",
    "water_lod2.png"
  ],
  "About": "This file for information of this theme"
}